date,source,titre,sentiment,intensite,tickers_affectes,secteurs_affectes,resume_impact,raisonnement,lien
2026-04-26 21:33:35,Yahoo Finance,"American Express, Chase set a new precedent for credit card fees",negatif,modere,AGEN|ALAB|ALDX|AVGO|CF|DB|ENR.DE|GS|H2O.DE|IMNM|KGC|MBOT|MRVL|MSTR|MU|NVDA|NXP|SEMR,finance|technologie,"L'augmentation des frais de carte de crédit par American Express et Chase pourrait réduire la demande pour ces cartes, affectant les entreprises impliquées dans le secteur bancaire et de paiement.","Les entreprises du portefeuille impliquées dans le secteur bancaire et de paiement pourraient être touchées par la hausse des frais de carte de crédit, influençant ainsi leur performance boursière.",https://finance.yahoo.com/markets/stocks/articles/american-express-chase-set-precedent-144700033.html
2026-04-26 21:33:36,Yahoo Finance,This is Why Energy Fuels Inc. (UUUU) is one of the Best Rare Earth Stock,positif,modere,UUUU,ressources naturelles|énergie,"L'actualité met en avant Energy Fuels Inc. (UUUU) comme l'une des meilleures actions sur le marché des terres rares, soulignant ainsi l'importance de l'industrie dans le domaine de l'énergie.","L'augmentation de l'attention portée sur Energy Fuels Inc. pourrait potentiellement stimuler l'intérêt des investisseurs pour d'autres entreprises impliquées dans le même secteur, influençant ainsi les actions de ces entreprises.",https://finance.yahoo.com/sectors/energy/articles/why-energy-fuels-inc-uuuu-211326342.html
2026-04-26 21:33:37,Yahoo Finance,This is Why Wedbush is Bullish on Lithium Americas Corp. (LAC) as a Rare Earth Stock Play,positif,fort,LAC,ressources naturelles|technologies de l'information,"L'actualité indique une perspective optimiste pour Lithium Americas Corp., un joueur majeur dans le domaine des terres rares, ce qui pourrait stimuler l'intérêt des investisseurs pour les entreprises impliquées dans la production de ces matières premières critiques.","L'augmentation attendue de la demande pour les terres rares, dont le lithium est un exemple, suite à l'expansion des technologies vertes et de l'électronique, pourrait bénéficier spécifiquement à Lithium Americas Corp., renforçant ainsi sa position dans le secteur.",https://finance.yahoo.com/sectors/energy/articles/why-wedbush-bullish-lithium-americas-211313342.html
2026-04-26 21:33:38,Yahoo Finance,Is MP Materials Corp. (MP) The Best  Rare Earth Stock Right Now?,positif,modere,MP,ressources naturelles|technologie,"L'actualité parle d'Is MP Materials Corp., une entreprise spécialisée dans les terres rares, ce qui pourrait avoir un impact positif sur les actions de certains acteurs du secteur des terres rares dans le portfolio.","L'augmentation de l'attention sur MP Materials Corp. pourrait potentiellement augmenter la demande pour les actions de cette entreprise, influençant ainsi les actions des autres acteurs du secteur dans le portfolio.",https://finance.yahoo.com/markets/stocks/articles/mp-materials-corp-mp-best-211303514.html
2026-04-26 21:33:39,Yahoo Finance,BMO Capital Touts Lithium Argentina (LAR)’s Cost Advantage in Lithium Production,positif,faible,LAR,Minéraux|Énergie,"L'actualité met en avant les avantages compétitifs de BMO Capital en matière de production de lithium en Argentine, ce qui pourrait potentiellement augmenter la valeur des actions des entreprises impliquées dans le secteur du lithium.","L'augmentation de la production de lithium en Argentine pourrait être bénéfique pour les entreprises impliquées dans ce secteur, tandis que BMO Capital, en mettant l'accent sur ces avantages, pourrait influencer positivement le cours des actions de Lithium Argentina.",https://finance.yahoo.com/markets/stocks/articles/bmo-capital-touts-lithium-argentina-211252122.html
2026-04-26 21:33:40,Seeking Alpha,S&P 500: I'm Chasing This Rally (Technical Analysis),positif,modere,NVDA|MU,Technologie|Semi-conducteurs,"L'actualité pourrait encourager les investisseurs à suivre la tendance haussière du S&P 500, possiblement en boostant les actions technologiques et semi-conductrices du portfolio.","L'analyse technique mentionnée pourrait indiquer une poursuite de la hausse des marchés technologiques, impactant positivement les entreprises de semi-conducteurs et de technologie du portefeuille.",https://seekingalpha.com/article/4894395-sp-500-spy-spx-im-chasing-this-rally?source=feed_all_articles
2026-04-26 21:33:41,Seeking Alpha,ClearBridge Appreciation ESG Strategy Q1 2026 Commentary,positif,modere,AGEN|ALAB|ALDX|AVGO|CF|DB|ENR.DE|GS|H2O.DE|IMNM|KGC|MBOT|MRVL|MSTR|MU|NVDA|NXP|SEMR,environnement|technologie|finance,"L'actualité pourrait avoir un impact sur les actions AGEN, ALAB, ALDX, AVGO, CF, DB, ENR.DE, GS, H2O.DE, IMNM, KGC, MBOT, MRVL, MSTR, MU, NVDA, NXP, SEMR en raison de leur implication dans le secteur de l'environnement, du développement durable et de l'industrie technologique.","L'actualité met l'accent sur les stratégies d'investissement ESG (Environnement, Social, Governance) pour le ClearBridge Appreciation ESG Strategy Q1 2026, ce qui pourrait favoriser les entreprises présentes dans des secteurs clés pour la transition écologique et la technologie, augmentant ainsi leur potentiel de croissance.",https://seekingalpha.com/article/4894437-clearbridge-appreciation-esg-strategy-q1-2026-commentary?source=feed_all_articles
2026-04-26 21:33:43,Seeking Alpha,Invesco EQV International Equity Fund Q1 2026 Portfolio Review,positif,modéré,AGEN|ALAB|ALDX|AVGO|CF|DB|ENR.DE|GS|H2O.DE|IMNM|KGC|MBOT|MRVL|MSTR|MU|NVDA|NXP|SEMR,technologie|industriel|finance|matériaux,"L'actualité indique une analyse du portefeuille de l'Invesco EQV International Equity Fund Q1 2026, mettant en avant les positions clés et les performances potentielles.","L'analyse du portefeuille fournit des insights sur les positions clés et les perspectives de croissance pour chaque action, indiquant une croissance potentielle dans les secteurs technologiques et industriels.",https://seekingalpha.com/article/4894436-invesco-eqv-international-equity-fund-q1-2026-portfolio-review?source=feed_all_articles
2026-04-26 21:33:44,Seeking Alpha,Invesco EQV International Equity Fund Q1 2026 Commentary,positif,modéré,AGEN|ALAB|ALDX|AVGO|CF|DB|ENR.DE|GS|H2O.DE|IMNM|KGC|MBOT|MRVL|MSTR|MU|NVDA|NXP|SEMR,technologie|industriel|finance|matériaux,"L'actualité indique une analyse des investissements de l'Invesco EQV International Equity Fund, mettant en avant des positions clés et des tendances du premier trimestre 2026.","L'analyse porte sur un fonds international diversifié, mettant en lumière des entreprises technologiques fortes et des performances financières stables, suggérant une croissance potentielle pour le portfolio.",https://seekingalpha.com/article/4894435-invesco-eqv-international-equity-fund-q1-2026-commentary?source=feed_all_articles
2026-04-26 21:33:45,Seeking Alpha,Intel: Pump The Brakes,negatif,fort,NVDA|INTC|AMD|TSM,Technologie|Semi-conducteurs,"Intel, un important acteur du secteur des semi-conducteurs, a annoncé une réduction des prévisions de croissance, ce qui pourrait affecter les performances de plusieurs entreprises dans le secteur des semi-conducteurs et technologiques.","L'annonce de réduction des prévisions par Intel, un leader majeur dans le secteur des semi-conducteurs, pourrait indiquer une récession ou une ralentissement de la croissance dans ce secteur. Cela pourrait avoir un impact significatif sur les entreprises technologiques et de semi-conducteurs, dont NVIDIA (NVDA), Advanced Micro Devices (AMD), et Taiwan Semiconductor Manufacturing Company (TSM).",https://seekingalpha.com/article/4894310-intel-pump-the-brakes?source=feed_all_articles
2026-04-26 21:33:46,MarketWatch,"Wall Street’s Super Bowl Wednesday: Alphabet, Amazon, Microsoft and Meta report along with Powell’s last Fed meeting",neutre,modere,GOOGL|AMZN|MSFT|META,Technologie|Finance,"Les résultats financiers d'Alphabet, Amazon, Microsoft et Meta pourraient influencer les actions dans le portfolio, tandis que la dernière conférence de Jerome Powell pourrait avoir un impact sur les taux d'intérêt et les marchés financiers.","Les résultats des entreprises technologiques pourraient avoir un impact sur leurs actions, tandis que la politique monétaire de la Fed peut affecter les taux d'intérêt et les rendements des actions.",https://www.marketwatch.com/story/wall-streets-super-bowl-wednesday-alphabet-amazon-microsoft-and-meta-report-along-with-powells-last-fed-meeting-88eb1710?mod=mw_rss_topstories
2026-04-26 21:33:48,MarketWatch,I will inherit my parents’ $1.5 million estate. Do I fire the adviser who charges a 3% fee?,positif,modéré,AGEN|ALAB|ALDX|AVGO|CF|DB|ENR.DE|GS|H2O.DE|IMNM|KGC|MBOT|MRVL|MSTR|MU|NVDA|NXP|SEMR,diversifié|technologie|finance,"L'actualité indique une hausse générale des actions, mais certaines actions comme AGEN, ALAB, ALDX, AVGO, CF, DB, ENR.DE, GS, H2O.DE, IMNM, KGC, MBOT, MRVL, MSTR, MU, NVDA, NXP, SEMR ont des performances variées.","L'héritage de 1,5 million de dollars pourrait encourager un investisseur à considérer la gestion des frais du conseiller financier, possiblement en cherchant à optimiser les frais actuels. Cependant, l'impact sur les actions individuelles est principalement neutre, sauf pour ceux dont la performance pourrait être influencée par le marché global.",https://www.marketwatch.com/story/some-stocks-have-risen-but-others-have-flopped-i-will-soon-inherit-my-parents-1-5-million-estate-do-i-fire-the-adviser-who-charges-a-3-fee-6b5b2caa?mod=mw_rss_topstories
2026-04-26 21:33:48,MarketWatch,‘The Lord has taken care of me’: I’m 74. I went from earning $14 an hour to retiring with $3.4 million. Here’s how I did it.,neutre,faible,,,"L'actualité ne semble pas avoir d'impact direct sur les actions du portfolio, car elle ne concerne pas le secteur financier ou les entreprises du portefeuille.",L'histoire relate l'évolution financière d'une personne sans lien avec les entreprises listées dans le portefeuille.,https://www.marketwatch.com/story/the-lord-has-taken-care-of-me-im-74-i-went-from-working-14-an-hour-to-3-4-million-heres-how-i-did-it-e0af1045?mod=mw_rss_topstories
2026-04-26 21:33:50,MarketWatch,"I’m planning to retire at 60. Should I sell my house, rent and invest the $500,000?",positif,modere,AGEN|ALAB|ALDX|AVGO|CF|DB|ENR.DE|GS|H2O.DE|IMNM|KGC|MBOT|MRVL|MSTR|MU|NVDA|NXP|SEMR,Finance|Technologie|Industriel|Immobilier|Santé,"L'actualité indique que le vendeur de maison pourrait améliorer le flux de trésorerie mensuel de 1,300$ en investissant les 500,000$.","L'augmentation du flux de trésorerie pourrait permettre de réinvestir dans le portefeuille, possiblement favorisant les actions dans les secteurs financiers, technologiques, industriels et de santé.",https://www.marketwatch.com/story/im-planning-to-retire-at-60-should-i-sell-my-house-and-invest-the-500-000-2b504dd9?mod=mw_rss_topstories
2026-04-26 21:33:51,MarketWatch,"‘My child requires lifelong support’: I’m in my 40s with $330,000 for retirement. How can I make this last both our lifetimes?",negatif,modere,MU|NVDA,Technologie|Électronique,L'actualité soulève des préoccupations concernant le soutien financier à vie pour un individu dans sa quarantaine avec un portefeuille de retraite de 330 000 dollars.,"Les actions de technologies et d'électronique pourraient être affectées par des dépenses supplémentaires pour le soutien financier à vie, réduisant potentiellement les bénéfices de ces entreprises.",https://www.marketwatch.com/story/my-child-will-need-lifelong-support-im-in-my-40s-with-a-330-000-inherited-retirement-account-how-can-i-grow-it-4fc7f64a?mod=mw_rss_topstories
2026-04-26 21:33:52,CNBC,"Trump: Shooter at White House press dinner had multiple weapons, one officer shot",negatif,modere,GS|NVDA,Services financiers|Technologie,L'incident au cours de la cérémonie de la White House press dinner pourrait avoir un impact sur la sécurité des futurs événements similaires et pourrait affecter la perception de la sécurité nationale.,"L'incident pourrait entraîner une augmentation de la demande pour des services de sécurité renforcés, bénéficiant potentiellement les entreprises de sécurité comme GS et les acteurs de la technologie de sécurité comme NVDA.",https://www.cnbc.com/2026/04/25/trump-gunshots-white-house-correspondents-dinner.html
2026-04-26 21:33:52,CNBC,"Everything we know about Cole Allen, the D.C. correspondents dinner shooter",neutre,faible,,,L'actualité ne donne pas d'informations spécifiques sur l'impact sur les actions du portfolio.,L'actualité ne mentionne pas de lien direct avec les entreprises du portfolio.,https://www.cnbc.com/2026/04/26/cole-allen-dc-correspondents-dinner-shooter.html
2026-04-26 21:33:53,CNBC,"Tillis ends block of Fed chair nominee Warsh, clears way for Trump pick",positif,modéré,GS,Finance,"L'annonce de la fin du blocage pour le candidat à la présidence de la Fed, Jerome Powell, libère une place pour le choix de Trump, Jay Clayton, ce qui pourrait avoir un impact positif sur les entreprises de conseil en investissement comme GS.","Le remplacement de Warsh par Clayton, qui est considéré comme favorable aux entreprises, pourrait améliorer l'environnement réglementaire et favoriser les activités de conseil en investissement pour ces entreprises.",https://www.cnbc.com/2026/04/26/thom-tillis-kevin-warsh-federal-reserve.html
2026-04-26 21:33:55,CNBC,"Trump cancels U.S. envoy trip to Pakistan for Iran war negotiations: 'If they want to talk, all they have to do is call'",negatif,modere,AGEN|ALAB|ALDX|AVGO|CF|DB|ENR.DE|GS|H2O.DE|IMNM|KGC|MBOT|MRVL|MSTR|MU|NVDA|NXP|SEMR,technologie|énergie|finance|industrie|sécurité,L'annulation du voyage de l'ambassadeur américain pour négocier avec le Pakistan sur les questions liées à l'Iran pourrait affecter les relations bilatérales et la coopération en matière de sécurité entre les deux pays.,"L'annulation du voyage pourrait entraîner une incertitude quant à la volonté des États-Unis de poursuivre des négociations constructives avec le Pakistan, affectant ainsi les entreprises impliquées dans des domaines tels que l'énergie, la technologie et la sécurité.",https://www.cnbc.com/2026/04/25/iran-says-no-meeting-with-us-negotiators-planned-in-pakistan.html
2026-04-26 21:33:56,CNBC,Trump presses his case for White House ballroom following press dinner shooting,positif,faible,AGEN|ALAB|ALDX|AVGO|CF|DB|ENR.DE|GS|H2O.DE|IMNM|KGC|MBOT|MRVL|MSTR|MU|NVDA|NXP|SEMR,technologie|finance|énergie|automobile|sécurité,"L'actualité pourrait avoir un impact sur les entreprises impliquées dans la sécurité des lieux publics, possiblement en raison de régulations supplémentaires ou de coûts de sécurité accrus.","Bien que l'actualité ne soit pas spécifiquement liée à tous les titres du portefeuille, elle pourrait influencer les décisions de gestion des risques et les stratégies de diversification, possiblement en raison de la nature globale de la préoccupation pour la sécurité des lieux publics.",https://www.cnbc.com/2026/04/26/trump-presses-case-for-white-house-ballroom-following-shooting.html
2026-04-26 21:33:58,FT Markets,"Alleged Trump shooter was targeting US officials, authorities say",negatif,modere,AGEN|ALAB|ALDX|AVGO|CF|DB|ENR.DE|GS|H2O.DE|IMNM|KGC|MBOT|MRVL|MSTR|MU|NVDA|NXP|SEMR,Finance|Technologie|Santé|Industrie|Énergie,"L'actualité pourrait avoir un impact sur les entreprises impliquées dans les affaires gouvernementales et les médias, possiblement affectant leur réputation et les actions associées.","L'incident pourrait entraîner une augmentation du niveau de sécurité pour les événements impliquant des responsables politiques, possiblement affectant les performances des entreprises dans ces secteurs.",https://www.ft.com/content/2f922f3f-8232-4541-bfeb-66697b1d8790
2026-04-26 21:33:59,FT Markets,Trump and the recurring assassin,negatif,fort,AGEN,Sécurité,"L'actualité pourrait avoir un impact négatif sur les entreprises impliquées dans la sécurité et la protection, comme AGEN, qui pourrait être affecté par des préoccupations liées à la sécurité du président américain.","L'augmentation du risque de sécurité pour le président américain pourrait entraîner une demande accrue pour les services de sécurité, impactant positivement les entreprises dans ce secteur comme AGEN.",https://www.ft.com/content/8c6b2e4e-8096-4087-9082-6ca4548f1045
2026-04-27 18:30:11,Yahoo Finance,AT&T CEO hopes new offers will restore customer loyalty,positif,modéré,TICKER1,télécommunications,"L'actualité pourrait renforcer la fidélité des clients chez AT&T, possiblement stimulant une croissance des ventes et des revenus pour la compagnie.","Bien que l'actualité concerne principalement AT&T, son impact pourrait se répercuter sur les autres entreprises du secteur des télécommunications, influençant ainsi leurs performances financières.",https://finance.yahoo.com/markets/stocks/articles/t-hopes-latest-strategy-slow-170700426.html
2026-04-27 18:30:12,Yahoo Finance,"Best money market account rates today, April 26, 2026 (best account provides 4.01% APY)",positif,modere,NVDA|MU,Technologie de l'information|Communications,L'augmentation du taux d'intérêt pour le meilleur compte d'épargne peut entraîner une hausse des taux de回报 pour les entreprises impliquées dans les technologies de l'information et de la communication.,Les entreprises dans le secteur de la technologie de l'information et des communications pourraient bénéficier d'un environnement plus favorable pour les investissements grâce à l'augmentation des taux d'intérêt sur les comptes d'épargne.,https://finance.yahoo.com/personal-finance/banking/article/best-money-market-account-rates-today-sunday-april-26-2026-100000980.html
2026-04-27 18:30:13,Yahoo Finance,"Best CD rates today, April 26, 2026 (lock in up to 4.05% APY)",positif,faible,AGEN|ALAB|ALDX|AVGO|CF|DB|ENR.DE|GS|H2O.DE|IMNM|KGC|MBOT|MRVL|MSTR|MU|NVDA|NXP|SEMR,Finance|Technologie,"L'augmentation des taux de dépôt à terme (CD) peut avoir un impact positif sur les banques qui offrent ces produits, en raison d'une augmentation potentielle de leurs revenus d'intérêts.","Bien que l'actualité concerne principalement les taux des dépôts à terme, certaines entreprises du portefeuille comme les banques et les sociétés de technologie pourraient en bénéficier via des opportunités de placement ou de croissance potentielle.",https://finance.yahoo.com/personal-finance/banking/article/best-cd-rates-today-sunday-april-26-2026-100000552.html
2026-04-27 18:30:14,Yahoo Finance,"HELOC and home equity loan rates Sunday, April 26, 2026: Rates mostly unchanged",neutre,faible,,immobilier|finance,"Les taux de HELOC et d'emprunt hypothécaire restent stables, ce qui pourrait avoir un impact limité sur les entreprises impliquées dans le secteur immobilier et les services financiers.","L'actualité ne présente pas de changements significatifs dans les taux d'intérêt pour les emprunts hypothécaires, donc les entreprises concernées ne sont pas directement affectées de manière notable.",https://finance.yahoo.com/personal-finance/mortgages/article/heloc-home-equity-loan-interest-rates-today-sunday-april-26-2026-100000982.html
2026-04-27 18:30:15,Yahoo Finance,"Best high-yield savings interest rates today, April 26, 2026 (Earn up to 4.1% APY)",positif,modere,AGEN|ALAB|ALDX|AVGO|CF|DB|ENR.DE|GS|H2O.DE|IMNM|KGC|MBOT|MRVL|MSTR|MU|NVDA|NXP|SEMR,Finance|Technologie|Industriel|Santé,"L'actualité indique une augmentation des taux d'intérêt pour les comptes d'épargne haut rendement, ce qui pourrait améliorer les revenus des investisseurs en augmentant les taux de rendement des actions du portefeuille.","Les taux d'intérêt élevés favorisent les placements dans des comptes d'épargne, ce qui pourrait stimuler l'économie et améliorer les performances financières des entreprises du portefeuille impliquées dans divers secteurs.",https://finance.yahoo.com/personal-finance/banking/article/best-high-yield-savings-interest-rates-today-sunday-april-26-2026-100000350.html
2026-04-27 18:30:16,Seeking Alpha,Tesla Q1 Earnings: Catalysts Galore (Rating Upgrade),positif,modere,TSLA,Automobile,L'augmentation de la note de Tesla dans le rapport financier a potentiellement amélioré l'image de la marque et pourrait stimuler la demande pour ses véhicules électriques.,"La hausse de la note pourrait augmenter l'intérêt des investisseurs et favoriser l'augmentation de la valeur des actions de Tesla, possiblement impactant positivement les autres acteurs du secteur automobile.",https://seekingalpha.com/article/4894686-tesla-q1-earnings-catalysts-galore-rating-upgrade?source=feed_all_articles
2026-04-27 18:30:18,Seeking Alpha,6 Trends Prudent Investors Should Be Tracking Closely,positif,modere,AGEN|ALAB|ALDX|AVGO|CF|DB|ENR.DE|GS|H2O.DE|IMNM|KGC|MBOT|MRVL|MSTR|MU|NVDA|NXP|SEMR,technologie|finance|industrie|biotechnologie|énergie,"L'actualité mentionne plusieurs tendances qui pourraient avoir un impact sur les entreprises du portfolio. AGEN, ALAB, ALDX, AVGO, CF, DB, ENR.DE, GS, H2O.DE, IMNM, KGC, MBOT, MRVL, MSTR, MU, NVDA, NXP, SEMR pourraient être affectés par ces tendances.","L'actualité met l'accent sur des tendances qui pourraient influencer les performances futures des entreprises du portfolio. Cependant, l'impact est jugé modéré car les tendances sont générales et les entreprises du portfolio couvrent divers secteurs, répartissant ainsi le risque.",https://seekingalpha.com/article/4894685-6-trends-prudent-investors-should-be-tracking-closely?source=feed_all_articles
2026-04-27 18:30:19,Seeking Alpha,BNY Mellon Global Fixed Income Fund Q1 2026 Commentary,neutre,faible,AGEN|ALAB|ALDX|AVGO|CF|DB|ENR.DE|GS|H2O.DE|IMNM|KGC|MBOT|MRVL|MSTR|MU|NVDA|NXP|SEMR,Finance|Technologie|Industriel|Santé,"L'actualité pourrait avoir un impact sur les fonds adossés à des obligations globaux de BNY Mellon, possiblement affectant les taux d'intérêt et les rendements des titres concernés.","L'actualité ne semble pas avoir un impact direct et significatif sur les entreprises du portefeuille, mais elle pourrait influencer les conditions du marché financier global, possiblement nécessitant une surveillance attentive des performances futures.",https://seekingalpha.com/article/4894684-bny-mellon-global-fixed-income-fund-q1-2026-commentary?source=feed_all_articles
2026-04-27 18:30:20,Seeking Alpha,Disney And Netflix: Both Names Look Attractive,positif,modere,DIS|NFLX,Media & Entertainment,"L'actualité mentionne l'attractivité des actions de Disney et Netflix, ce qui pourrait encourager les investisseurs à considérer ces entreprises pour leurs propres portefeuilles.","Les actions de Disney et Netflix sont incluses dans le portefeuille, et l'actualité met l'accent sur leur attractivité, suggérant une augmentation potentielle de la demande pour ces titres.",https://seekingalpha.com/article/4894683-disney-and-netflix-both-names-look-attractive?source=feed_all_articles
2026-04-27 18:30:21,Seeking Alpha,Butler National: From Gambling To Strong Aerospace Buy (Upgrade),positif,fort,AGEN|ALAB|ALDX|AVGO|CF|DB|ENR.DE|GS|H2O.DE|IMNM|KGC|MBOT|MRVL|MSTR|MU|NVDA|NXP|SEMR,industrie|technologie,"L'actualité indique une amélioration significative dans le secteur aérospatial, impactant positivement les actions de Butler National qui se portent bien dans ce domaine.","L'augmentation de la confiance en raison de la croissance potentielle dans le secteur aérospatial pourrait stimuler les ventes et les bénéfices pour les entreprises impliquées, affectant positivement leurs actions.",https://seekingalpha.com/article/4894682-butler-national-from-gambling-to-strong-aerospace-buy-upgrade?source=feed_all_articles
2026-04-27 18:30:22,MarketWatch,The SEC fears we’re trapped in short-term thinking. Tesla and Amazon prove investors play the long game.,positif,fort,TSLA|AMZN,Automobile|Commerce électronique,"L'actualité souligne que les investisseurs jouent à long terme pour les entreprises comme Tesla et Amazon, tandis que le système de reporting semestriel essaie de corriger un problème qui est déjà résolu par le marché.","Les entreprises mentionnées, comme Tesla et Amazon, sont des exemples de succès sur le long terme qui démontrent l'importance du visionnage à long terme pour les investisseurs. Cela peut encourager les investisseurs à sélectionner des entreprises similaires dans leur portefeuille.",https://www.marketwatch.com/story/the-sec-fears-were-trapped-in-short-term-thinking-tesla-and-amazon-prove-investors-play-the-long-game-4181fa55?mod=mw_rss_topstories
2026-04-27 18:30:23,MarketWatch,"Why individual investors are cautious ahead of earnings for Microsoft, Amazon and the rest of the ‘Magnificent Seven’",neutre,faible,MSFT|AMZN,Technologie|Commerce électronique,"Les investisseurs individuels sont moins enthousiastes pour trader les actions de Microsoft, Amazon et les autres actions de la 'Magnificent Seven', ce qui pourrait indiquer une réduction de la pression acheteuse sur ces titres.","Bien que l'actualité ne soit pas entièrement négative, elle indique une certaine prudence des investisseurs individuels qui pourrait entraîner une réduction des hausses possibles pour les titres concernés dans le portefeuille.",https://www.marketwatch.com/story/why-individual-investors-are-cautious-ahead-of-earnings-for-microsoft-amazon-and-the-rest-of-the-magnificent-seven-c4a92504?mod=mw_rss_topstories
2026-04-27 18:30:24,MarketWatch,Private credit isn’t safer than banks — it’s just better at hiding losses,negatif,modere,AGEN|ALAB|ALDX|AVGO|CF|DB|ENR.DE|GS|H2O.DE|IMNM|KGC|MBOT|MRVL|MSTR|MU|NVDA|NXP|SEMR,Finance|Technologie,"L'actualité soulève des préoccupations concernant la transparence et la fiabilité des fonds de crédit privés, qui pourrait affecter la confiance des investisseurs envers ces fonds.","L'article met en lumière les problèmes de transparence et de divulgation des fonds de crédit privés, ce qui pourrait entraîner une baisse de la confiance des investisseurs dans les performances de ces fonds et potentiellement affecter les actions de ces entreprises.",https://www.marketwatch.com/story/private-credit-isnt-safer-than-banks-its-just-better-at-hiding-losses-84937515?mod=mw_rss_topstories
2026-04-27 18:30:25,MarketWatch,Another former bull throws in the towel on Adobe’s stock. Here’s the software stock he now favors.,negatif,modere,ADBE|CRWD,logiciels|cybersécurité,"Le downgrade de Adobe par Mizuho réduit la valeur des actions dans le portefeuille, tandis que l'upgrade de CrowdStrike améliore la position dans le portefeuille.","Le downgrade de Adobe, indiquant une perspective moins favorable pour les bénéfices futurs, peut entraîner une baisse des actions dans le portefeuille. D'autre part, l'upgrade de CrowdStrike, reflétant une croissance attendue, pourrait augmenter la valeur de ces actions dans le portefeuille.",https://www.marketwatch.com/story/another-former-bull-throws-in-the-towel-on-adobes-stock-heres-the-software-stock-he-now-favors-4597c611?mod=mw_rss_topstories
2026-04-27 18:30:26,MarketWatch,A possible SiriusXM-iHeartMedia merger would be the latest ominous sign for radio,positif,modere,SIRI|XM,Media & Entertainment,Une fusion SiriusXM-iHeartMedia pourrait créer un géant publicitaire qui aiderait les entreprises à ralentir la perte de leurs auditeurs vers les plateformes de streaming et les podcasts.,"La fusion pourrait renforcer la position de SiriusXM et iHeartMedia sur le marché des médias audio, possiblement augmentant leur capacité à s'adapter à la transition des auditeurs vers des plateformes de streaming et de podcasts.",https://www.marketwatch.com/story/a-possible-siriusxm-iheartmedia-merger-would-be-the-latest-ominous-sign-for-radio-23a18d07?mod=mw_rss_topstories
2026-04-27 18:30:27,CNBC,"Trump discussed Iran's Hormuz Strait proposal with top aides, White House says",neutre,faible,AGEN,Énergie,"L'actualité pourrait avoir un impact sur les entreprises impliquées dans le transport de pétrole, comme AGEN, qui pourrait être affecté par des tensions géopolitiques dans la région.","L'actualité concerne les discussions entre Trump et ses aides sur une proposition d'Iran concernant le détournement du trafic dans le détroit de Ormuz. Bien que cela puisse créer des incertitudes sur le transport de pétrole, l'impact sur les entreprises spécifiques comme AGEN n'est pas clairement établi.",https://www.cnbc.com/2026/04/27/trump-iran-war-strait-of-hormuz-rubio.html
2026-04-27 18:30:28,CNBC,Prediction markets prepare to invade one of crypto’s biggest and riskiest trades,positif,modere,AGEN|ALAB|ALDX|AVGO|CF|DB|ENR.DE|GS|H2O.DE|IMNM|KGC|MBOT|MRVL|MSTR|MU|NVDA|NXP|SEMR,crypto|finance,"L'invasion des markets de prédictions dans le secteur des futures perpétuelles de crypto pourrait potentiellement influencer les performances des entreprises impliquées dans ce domaine, comme AGEN, ALAB, ALDX, AVGO, CF, DB, ENR.DE, GS, H2O.DE, IMNM, KGC, MBOT, MRVL, MSTR, MU, NVDA, NXP, SEMR.","L'expansion des markets de prédictions dans le secteur des futures perpétuelles de crypto pourrait améliorer la transparence et la liquidité du marché, possiblement en réduisant les risques associés à ce type de trading.",https://www.cnbc.com/2026/04/27/prediction-markets-prepare-to-invade-one-of-cryptos-biggest-and-riskiest-trades.html
2026-04-27 18:30:30,CNBC,Trump ballroom lawsuit plaintiff rejects DOJ demand to drop case after 'assassination attempt',positif,modere,AGEN|ALAB|ALDX|AVGO|CF|DB|ENR.DE|GS|H2O.DE|IMNM|KGC|MBOT|MRVL|MSTR|MU|NVDA|NXP|SEMR,Technologie|Sécurité,"L'actualité pourrait avoir un impact positif sur les entreprises de sécurité et de technologie, possiblement AGEN, ALAB, ALDX, AVGO, CF, DB, ENR.DE, GS, H2O.DE, IMNM, KGC, MBOT, MRVL, MSTR, MU, NVDA, NXP, SEMR.","L'actualité souligne la nécessité de sécurité renforcée, possiblement suite à des événements passés comme le tir à l'arme à feu à Washington Hilton. Cela pourrait stimuler la demande pour des solutions de sécurité et de technologie, affectant positivement les entreprises dans ces secteurs.",https://www.cnbc.com/2026/04/27/trump-ballroom-whcd-doj-lawsuit.html
2026-04-27 18:30:31,CNBC,Ray Dalio says Kevin Warsh shouldn't cut interest rates in a ‘stagflation’ era,negatif,modere,AGEN|ALAB|ALDX|AVGO|CF|DB|ENR.DE|GS|H2O.DE|IMNM|KGC|MBOT|MRVL|MSTR|MU|NVDA|NXP|SEMR,Finance|Technologie|Industriel|Santé,L'actualité indique que le risque de dégradation de la confiance dans le système bancaire pourrait augmenter si les taux d'intérêt sont réduits en période de stagflation.,"L'avertissement de Ray Dalio pourrait avoir un impact sur les investisseurs qui considèrent l'idée de réduire les taux d'intérêt pour stimuler l'économie, possiblement endettant davantage les entreprises et augmentant le risque de défaut.",https://www.cnbc.com/2026/04/27/ray-dalio-says-kevin-warsh-shouldnt-cut-interest-rates-in-a-stagflation-era.html
2026-04-27 18:30:32,CNBC,"Stocks making the biggest moves midday: Sandisk, Micron, Verizon, AMD, GE Vernova and more",positif,modéré,SNDK|MU|NVDA|AMD,Technologie|Énergie,"L'actualité mentionne des actions de diverses industries, principalement technologiques et énergétiques, qui pourraient être influencées par les tendances du marché actuel.","Les actions de Sandisk, Micron, AMD et Nvidia sont sur cette liste, indiquant une possible hausse du secteur technologique. Verizon dans le secteur énergétique pourrait également être influencé par les tendances énergétiques.",https://www.cnbc.com/2026/04/27/stocks-making-the-biggest-moves-midday-sndk-mu-vz-amd-gev.html
2026-04-27 18:30:33,FT Markets,MPs to vote on whether Starmer should be investigated over Mandelson scandal,negatif,modere,AGEN|ALAB|ALDX|AVGO|CF|DB|ENR.DE|GS|H2O.DE|IMNM|KGC|MBOT|MRVL|MSTR|MU|NVDA|NXP|SEMR,technologie|finance|industriel|énergie,L'actualité pourrait affecter le portefeuille en raison de l'incertitude liée à l'enquête sur Mandelson et à son implication potentiel dans la crise du premier ministre.,L'enquête sur Mandelson pourrait entraîner une perte de confiance envers le gouvernement et affecter les actions impliquées dans divers secteurs du portefeuille.,https://www.ft.com/content/bf4bbb22-eed9-428c-8506-e81397a4ad53
2026-04-27 18:30:34,FT Markets,Inside China’s plans to fight in space,negatif,modere,NVDA|ALDX,Technologie|Santé,"L'actualité indique une augmentation des capacités militaires chinoises dans le domaine spatial, possiblement en réponse à la rivalité avec les États-Unis.",Les actions de NVDA et ALDX pourraient être affectées car ces entreprises pourraient être concernées par des technologies de défense ou de sécurité spatiale qui pourraient être développées en réponse à la situation diplomatique actuelle.,https://ig.ft.com/space-weapons/
2026-04-27 18:30:35,FT Markets,Why the UAE asked Pakistan for its $3.5bn back,negatif,fort,AGEN|ALAB|ALDX|AVGO|CF|DB|ENR.DE|GS|H2O.DE|IMNM|KGC|MBOT|MRVL|MSTR|MU|NVDA|NXP|SEMR,Finance|Technologie|Industrie|Énergie|Santé,"L'actualité indique une crise de trésorerie entre Abu Dhabi et Islamabad, ce qui pourrait affecter les flux de trésorerie et la crédibilité de la dette pour les entreprises impliquées.","Les tensions diplomatiques et financières entre l'UAE et le Pakistan pourraient causer des problèmes de liquidité et d'impayés pour les entreprises impliquées, affectant ainsi leur performance boursière.",https://www.ft.com/content/99073d6e-4b57-417f-88fb-7a2c0e55eef3
2026-04-27 18:30:37,FT Markets,King Charles and the ‘special’ relationship,neutre,faible,AGEN|ALAB|ALDX|AVGO|CF|DB|ENR.DE|GS|H2O.DE|IMNM|KGC|MBOT|MRVL|MSTR|MU|NVDA|NXP|SEMR,technologie|matériaux|biotechnologie,"L'actualité souligne la nécessité de renforcer les liens avec les États-Unis, mais aussi de nourrir d'autres alliances. Cela pourrait avoir un impact sur les entreprises impliquées dans les technologies, les matériaux et les biotechnologies.","L'actualité met l'accent sur les relations internationales, mais ne spécifie pas de domaines d'activité spécifiques touchés par cette tendance. Les entreprises du portefeuille couvrant divers secteurs pourraient être affectées par des changements dans les relations internationales générales.",https://www.ft.com/content/7fa062f3-fb30-47c6-8a1e-a559e926a53e
2026-04-27 18:30:37,FT Markets,OpenAI and Microsoft loosen ties in revised AI deal,positif,modere,NVDA,Technologie de l'information,"Le réaménagement du contrat d'alliance entre OpenAI et Microsoft pourrait favoriser une croissance potentielle pour OpenAI, augmentant ainsi les revenus et la valeur de NVDA, qui est un partenaire important d'OpenAI.","L'augmentation de l'indépendance d'OpenAI pourrait stimuler son développement et ses revenus, renforçant ainsi sa relation avec Microsoft et possiblement ses actionnaires, dont NVIDIA.",https://www.ft.com/content/20e63d1d-835f-4397-ae88-e7097be1e503
2026-04-27 18:30:39,Bloomberg Markets,Psychiatry Drugmaker Seaport Seeks $212.4 Million in US IPO,positif,faible,AGEN|ALAB|ALDX|AVGO|CF|DB|ENR.DE|GS|H2O.DE|IMNM|KGC|MBOT|MRVL|MSTR|MU|NVDA|NXP|SEMR,Biotechnologie|Santé,L'IPO de Seaport Therapeutics pourrait attirer l'attention des investisseurs intéressés par les phénomènes de santé mentale et potentiellement augmenter la demande pour des traitements dans ce secteur.,"L'IPO pourrait générer de la demande pour des actions dans des secteurs liés à la santé mentale, possiblement influençant les actions dans le secteur de la biotechnologie.",https://www.bloomberg.com/news/articles/2026-04-27/antidepressant-drugmaker-seaport-seeks-212-4-million-in-us-ipo
2026-04-27 18:30:39,Bloomberg Markets,Intel Draws $50 Billion of Investor Orders for $6.5 Billion Bond,positif,fort,INTC,Technologie de l'information,"L'attraction de 50 milliards de dollars en commandes d'investisseurs pour une émission de 6,5 milliards de dollars de dette par Intel Corp. pourrait soutenir ses plans d'acquérir entièrement une usine semi-conductrice en Irlande.","Intel, leader mondial en matière de semi-conducteurs, bénéficie d'un fort soutien financier, renforçant ainsi sa position dans le secteur technologique et possiblement stimulant l'optimisme des investisseurs.",https://www.bloomberg.com/news/articles/2026-04-27/intel-kicks-off-bond-sale-to-help-buy-back-ireland-plant-stake
2026-04-27 18:30:41,Bloomberg Markets,Grupo Mexico to Merge Power Unit With BlackRock-Backed Saavi,positif,fort,AGEN|ALAB|ALDX|AVGO|CF|DB|ENR.DE|GS|H2O.DE|IMNM|KGC|MBOT|MRVL|MSTR|MU|NVDA|NXP|SEMR,Énergie|Technologie,"L'accord de fusion entre Grupo Mexico et BlackRock-backed Saavi créera le plus grand opérateur privé de puissance au Mexique, impliquant des investissements dans le secteur de l'énergie.","L'expansion dans le secteur de l'énergie renforcera la présence de Grupo Mexico dans ce secteur, possiblement augmentant la valeur des actions dans le portfolio touchées.",https://www.bloomberg.com/news/articles/2026-04-27/grupo-mexico-to-merge-power-unit-with-blackrock-backed-saavi
2026-04-27 18:30:42,Bloomberg Markets,"Trump Being ‘Humiliated’ in Iran Talks, German Leader Says",negatif,faible,AGEN,Industrie|Technologie,"L'actualité pourrait avoir un impact négatif sur les actions des sociétés impliquées dans les négociations commerciales avec l'Iran, comme AGEN, qui pourrait voir ses revenus potentiellement affectés par des tensions internationales.","L'actualité met en lumière les difficultés rencontrées par le président Trump dans les négociations avec l'Iran, ce qui pourrait avoir un impact sur les relations commerciales internationales et potentiellement sur les entreprises impliquées dans ces négociations.",https://www.bloomberg.com/news/videos/2026-04-27/trump-being-humiliated-in-iran-talks-say-merz-video
2026-04-27 18:30:43,Bloomberg Markets,DeFi Rescue Hurts Anti-Wall Street Pitch After $10 Billion Run,negatif,fort,AGEN|ALAB|ALDX|AVGO|CF|DB|ENR.DE|GS|H2O.DE|IMNM|KGC|MBOT|MRVL|MSTR|MU|NVDA|NXP|SEMR,finance décentralisée|technologie,"L'actualité soulève des préoccupations concernant le moral hazard dans le secteur de la finance décentralisée, ce qui pourrait affecter négativement les actions impliquées dans ce domaine.","L'actualité met en lumière les problèmes de coordination et de moral hazard dans le secteur de la finance décentralisée, ce qui pourrait entraîner une volatilité et une possible réévaluation des entreprises impliquées dans ce domaine.",https://www.bloomberg.com/news/articles/2026-04-27/defi-rescue-hurts-anti-wall-street-pitch-after-10-billion-run
